# Plastic,NetStation,Replicate,Type,Length,Colour,PolymerType
1,24,1,Hard,4.5,White/Transparent,Polypropylene
2,25,1,Hard,4.3,White/Transparent,Polyethylene
3,25,1,Hard,4,White/Transparent,Polyethylene
4,25,1,Hard,2.7,White/Transparent,NA
5,25,1,Hard,3.3,White/Transparent,Polyethylene
6,25,1,Hard,2,White/Transparent,NA
7,25,1,Hard,2.6,Green,Polyethylene
8,25,1,Hard,2.7,White/Transparent,NA
9,25,1,Hard,2,White/Transparent,Polyethylene
10,25,1,Hard,2.7,White/Transparent,NA
11,25,1,Hard,2,White/Transparent,NA
12,25,2,Hard,2.1,White/Transparent,Polyethylene
13,25,2,Hard,2.4,White/Transparent,Polyethylene
14,25,2,Hard,1.9,White/Transparent,Polypropylene
15,25,2,Hard,1.75,White/Transparent,NA
16,25,2,Hard,2,White/Transparent,NA
17,25,2,Hard,1.5,White/Transparent,NA
18,25,2,Hard,2,White/Transparent,NA
19,25,2,Hard,2.5,White/Transparent,Polyethylene
20,25,2,Hard,1.5,White/Transparent,NA
21,25,2,Hard,2,White/Transparent,NA
22,25,2,Hard,12.5,White/Transparent,NA
23,25,3,Hard,3.1,Blue,Polyethylene
24,25,3,Hard,3.2,White/Transparent,Polyethylene
25,25,3,Hard,27.9,Blue,NA
26,25,1,Soft,14.1,White/Transparent,NA
27,25,1,Soft,10,White/Transparent,NA
28,25,3,Hard,5.2,White/Transparent,Polyethylene
29,25,3,Hard,3.6,White/Transparent,NA
30,25,3,Hard,3.6,White/Transparent,Polyethylene
31,25,3,Hard,1.8,White/Transparent,NA
32,25,3,Hard,2.27,White/Transparent,NA
33,25,3,Hard,3.18,White/Transparent,NA
34,25,3,Hard,2.73,White/Transparent,Polyethylene
35,25,3,Hard,3.64,White/Transparent,NA
36,25,3,Hard,3.64,White/Transparent,NA
37,25,3,Hard,2.73,White/Transparent,NA
38,25,3,Hard,0.91,Yellow,NA
39,25,3,Hard,1.36,White/Transparent,NA
40,25,3,Hard,1.36,White/Transparent,Polyethylene
41,26,1,Hard,1.6,White/Transparent,NA
42,27,1,Hard,5.8,White/Transparent,Polyethylene
43,27,1,Hard,1.8,White/Transparent,NA
44,27,2,Hard,25.24,Green,Polyethylene
45,27,2,Hard,4.76,Blue,NA
46,27,2,Hard,13.33,Blue,NA
47,27,2,Hard,8.57,White/Transparent,NA
48,27,2,Hard,3.6,White/Transparent,NA
49,27,2,Hard,3.2,White/Transparent,Polypropylene
50,27,2,Hard,3.2,White/Transparent,NA
51,27,2,Hard,6.4,White/Transparent,NA
52,27,2,Hard,3.75,White/Transparent,NA
53,27,2,Hard,2.5,White/Transparent,Polypropylene
54,27,2,Hard,1.25,White/Transparent,NA
55,27,2,Hard,3.75,White/Transparent,Polypropylene
56,27,2,Hard,2.19,White/Transparent,NA
57,27,2,Hard,2.5,White/Transparent,NA
58,27,2,Hard,1.88,White/Transparent,NA
59,27,2,Hard,0.62,White/Transparent,NA
60,27,3,Hard,21.82,Red,Polyethylene
61,27,3,Hard,10,White/Transparent,NA
62,27,3,Hard,1.82,White/Transparent,NA
63,27,3,Hard,1.82,White/Transparent,NA
64,27,3,Hard,5.45,White/Transparent,Polypropylene
65,27,3,Hard,5.45,White/Transparent,NA
66,27,3,Hard,8.18,White/Transparent,NA
67,27,3,Hard,10.4,White/Transparent,NA
68,27,3,Hard,4,White/Transparent,NA
69,27,3,Hard,7.6,White/Transparent,NA
70,27,3,Hard,7.2,Green,Polypropylene
71,28,1,Styrofoam,24.29,White/Transparent,Polystyrene
72,28,1,Hard,2.14,White/Transparent,NA
73,28,1,Hard,7.14,White/Transparent,Polyethylene
74,28,1,Line,21.43,White/Transparent,NA
75,28,1,Hard,6.3,White/Transparent,Polypropylene
76,28,1,Hard,5.71,Blue,NA
77,28,1,Hard,5.71,White/Transparent,NA
78,28,1,Hard,4.29,White/Transparent,NA
79,28,1,Line,5.71,Blue,NA
80,28,1,Hard,2.14,White/Transparent,NA
81,28,1,Hard,2.86,White/Transparent,Polyethylene
82,28,1,Hard,1.43,White/Transparent,NA
83,28,1,Hard,2.86,White/Transparent,NA
84,28,1,Hard,2.14,White/Transparent,NA
85,28,1,Hard,2.86,White/Transparent,NA
86,28,1,Soft,7.14,White/Transparent,NA
87,28,1,Hard,4.29,White/Transparent,NA
88,28,1,Hard,5,Blue,NA
89,28,1,Hard,2.86,White/Transparent,NA
90,28,1,Line,8.57,White/Transparent,NA
91,28,1,Hard,1.43,Blue,NA
92,28,1,Hard,2.86,White/Transparent,Polyethylene
93,28,1,Hard,2.86,White/Transparent,Polypropylene
94,28,1,Line,5.71,White/Transparent,Polyethylene
95,28,1,Line,14.29,White/Transparent,NA
96,28,1,Soft,7.14,White/Transparent,NA
97,28,1,Soft,7.14,Red,NA
98,28,1,Hard,1.43,White/Transparent,NA
99,28,1,Hard,2.86,White/Transparent,NA
100,28,1,Hard,4.29,White/Transparent,NA
101,28,1,Hard,0.71,White/Transparent,NA
102,28,1,Hard,2.86,White/Transparent,Polyethylene
103,28,1,Hard,1.8,White/Transparent,Polyethylene
104,28,1,Hard,2.86,White/Transparent,NA
105,28,1,Hard,2.14,White/Transparent,NA
106,28,1,Hard,5.71,White/Transparent,NA
107,28,1,Hard,2,Green,NA
108,28,1,Hard,2,White/Transparent,NA
109,28,1,Hard,2.5,White/Transparent,NA
110,28,1,Hard,5,White/Transparent,NA
111,28,1,Hard,11,White/Transparent,NA
112,28,1,Hard,1.5,White/Transparent,NA
113,28,1,Hard,2.5,White/Transparent,NA
114,28,1,Hard,2,White/Transparent,Polyethylene
115,28,1,Hard,2,White/Transparent,Polyethylene
116,28,1,Hard,2,White/Transparent,NA
117,28,1,Hard,3.1,Blue,Polypropylene
118,28,1,Hard,1.8,White/Transparent,NA
119,28,1,Hard,1.5,White/Transparent,NA
120,28,1,Hard,1,White/Transparent,Polypropylene
121,28,1,Hard,2,White/Transparent,NA
122,28,1,Hard,6.1,White/Transparent,Polyethylene
123,28,1,Hard,4.5,White/Transparent,NA
124,28,1,Hard,9,White/Transparent,NA
125,28,1,Hard,6,White/Transparent,NA
126,28,1,Hard,1,White/Transparent,NA
127,28,1,Hard,2.5,White/Transparent,Polyethylene
128,28,1,Hard,1,White/Transparent,Polypropylene
129,28,1,Hard,2,White/Transparent,Polypropylene
130,28,2,Hard,3.07,White/Transparent,NA
131,28,2,Hard,5.37,White/Transparent,NA
132,28,2,Hard,1.53,White/Transparent,NA
133,28,2,Hard,4.22,Green,NA
134,28,2,Hard,5.37,White/Transparent,NA
135,28,2,Hard,1.53,White/Transparent,NA
136,28,2,Hard,2.3,White/Transparent,NA
137,28,2,Hard,5.37,White/Transparent,NA
138,28,2,Hard,1.15,White/Transparent,NA
139,28,2,Hard,2.3,White/Transparent,NA
140,28,3,Hard,2.3,White/Transparent,NA
141,28,3,Hard,1.53,White/Transparent,NA
142,28,3,Hard,48.3,Red,NA
143,28,3,Hard,1.53,White/Transparent,NA
144,29,1,Hard,9.23,White/Transparent,NA
145,29,1,Hard,13.85,White/Transparent,NA
146,29,1,Hard,6.92,White/Transparent,NA
147,29,1,Hard,1.15,White/Transparent,NA
148,29,1,Styrofoam,2.76,White/Transparent,NA
149,29,1,Hard,3.45,White/Transparent,NA
150,29,1,Hard,2.76,White/Transparent,Polypropylene
151,29,1,Hard,2.76,White/Transparent,NA
152,29,1,Hard,1.72,White/Transparent,NA
153,29,1,Hard,1.56,White/Transparent,NA
154,29,1,Hard,3.12,White/Transparent,NA
155,29,1,Hard,1.88,White/Transparent,NA
156,29,1,Hard,2.81,White/Transparent,Polyethylene
157,29,2,Hard,1.67,White/Transparent,Polyethylene
158,29,2,Hard,3.89,White/Transparent,NA
159,29,2,Hard,2.22,White/Transparent,Polypropylene
160,29,2,Hard,2.78,White/Transparent,NA
161,29,2,Hard,2.78,White/Transparent,Polypropylene
162,29,2,Hard,2.78,White/Transparent,Polyethylene
163,29,2,Line,8.33,White/Transparent,NA
164,29,2,Hard,1.67,White/Transparent,NA
165,29,2,Hard,1.67,White/Transparent,NA
166,29,2,Hard,1.67,White/Transparent,NA
167,29,3,Hard,4.5,Blue,NA
168,29,3,Hard,3.5,White/Transparent,NA
169,29,3,Hard,2.5,Green,NA
170,29,3,Hard,2.5,Blue,NA
171,29,3,Hard,3.5,White/Transparent,NA
172,30,1,Hard,4,White/Transparent,NA
173,30,2,Hard,1.6,White/Transparent,NA
174,30,3,Hard,1.92,White/Transparent,NA
175,31,1,Hard,1.78,White/Transparent,NA
176,31,1,Soft,4.89,White/Transparent,NA
177,31,1,Hard,1.33,White/Transparent,NA
178,31,1,Soft,15.56,White/Transparent,NA
179,31,2,Hard,3.68,White/Transparent,NA
180,31,2,Soft,7.37,White/Transparent,NA
181,31,2,Soft,6.32,White/Transparent,NA
182,31,2,Soft,21.05,White/Transparent,NA
183,31,3,Hard,2.19,White/Transparent,NA
184,31,3,Hard,4.38,White/Transparent,Polyethylene
185,31,3,Hard,5.62,White/Transparent,NA
186,31,3,Hard,2.5,White/Transparent,NA
187,31,3,Hard,2.5,Blue,NA
188,33,1,Hard,7.78,White/Transparent,NA
189,33,1,Line,23.33,White/Transparent,NA
190,33,1,Hard,2.04,White/Transparent,NA
191,34,1,Hard,7.32,White/Transparent,NA
192,34,1,Hard,3.94,White/Transparent,Polypropylene
193,34,2,Hard,57,White/Transparent,Polyethylene
194,34,3,Hard,4.1,White/Transparent,NA
195,35,1,Hard,1.6,Brown,NA
196,35,2,Hard,5.54,Blue,Polypropylene
197,35,2,Styrofoam,2.61,White/Transparent,NA
198,35,2,Line,4.78,White/Transparent,NA
199,35,3,Hard,5.4,White/Transparent,Polyethylene
200,36,1,Line,2,White/Transparent,NA
201,37,1,Hard,4.29,White/Transparent,NA
202,37,1,Hard,3.81,White/Transparent,NA
203,37,1,Hard,3.33,White/Transparent,NA
204,37,1,Hard,4.29,White/Transparent,NA
205,37,1,Hard,2.86,White/Transparent,NA
206,37,2,Soft,4.67,Blue,NA
207,37,2,Hard,1,White/Transparent,NA
208,37,2,Hard,1.33,White/Transparent,NA
209,37,2,Hard,0.67,White/Transparent,NA
210,37,2,Soft,5.33,White/Transparent,NA
211,37,2,Hard,1.33,Brown,NA
212,37,2,Hard,1,White/Transparent,NA
213,37,2,Hard,1.33,White/Transparent,NA
214,37,2,Hard,1,White/Transparent,NA
215,37,2,Hard,4.67,White/Transparent,NA
216,37,2,Line,8.67,Blue,NA
217,37,2,Hard,1,White/Transparent,Polyethylene
218,37,2,Hard,1.33,White/Transparent,NA
219,37,2,Line,28,White/Transparent,NA
220,37,3,Hard,3.86,White/Transparent,NA
221,37,3,Line,5,White/Transparent,NA
222,37,3,Hard,2.73,White/Transparent,NA
223,37,3,Hard,1.36,White/Transparent,NA
224,37,3,Hard,0.91,White/Transparent,NA
225,37,3,Hard,1.14,Blue,NA
226,37,3,Hard,2.5,White/Transparent,NA
227,37,3,Line,4.55,Green,NA
228,37,3,Hard,2.73,Green,Polyethylene
229,38,1,Hard,5.3,White/Transparent,Polyethylene
230,38,1,Hard,4,White/Transparent,NA
231,38,1,Hard,2,White/Transparent,NA
232,38,1,Hard,4,Gray,NA
233,38,1,Styrofoam,2,White/Transparent,NA
234,38,1,Styrofoam,1.33,White/Transparent,NA
235,38,2,Hard,3.33,White/Transparent,NA
236,38,2,Line,6.67,White/Transparent,NA
237,39,1,Soft,33.68,White/Transparent,Polypropylene
238,39,1,Soft,3.16,White/Transparent,NA
239,39,3,Line,4.55,Green,Polypropylene
240,39,3,Hard,2.73,White/Transparent,NA
241,39,3,Hard,2.4,White/Transparent,Polyethylene
242,39,2,Line,81.43,Yellow,NA
243,39,2,Line,5,White/Transparent,NA
244,39,2,Hard,3.57,White/Transparent,NA
245,39,2,Hard,1.07,White/Transparent,NA
246,15,1,Hard,1.4,White/Transparent,NA
247,15,2,Hard,2.86,White/Transparent,NA
248,15,2,Hard,1.71,White/Transparent,Polyethylene
249,15,2,Hard,2.86,White/Transparent,Polypropylene
250,15,2,Soft,7.71,Green,NA
251,15,3,Hard,6.51,White/Transparent,NA
252,15,3,Hard,3.02,White/Transparent,NA
253,15,3,Hard,1.63,White/Transparent,NA
254,17,1,Soft,12.07,Yellow,NA
255,17,1,Hard,2.76,White/Transparent,NA
256,17,1,Hard,2.41,White/Transparent,NA
257,17,1,Hard,2.07,White/Transparent,NA
258,17,1,Hard,2.07,White/Transparent,Polyethylene
259,17,1,Hard,2.41,White/Transparent,NA
260,17,2,Soft,4.4,White/Transparent,NA
261,17,2,Line,4,Blue,NA
262,17,2,Soft,6.8,White/Transparent,NA
263,17,2,Hard,2,White/Transparent,NA
264,17,2,Hard,2,White/Transparent,NA
265,17,3,Soft,16.09,White/Transparent,NA
266,17,3,Soft,11.74,White/Transparent,NA
267,17,3,Line,19.57,White/Transparent,NA
268,17,3,Line,4.35,White/Transparent,NA
269,18,1,Hard,3.45,White/Transparent,NA
270,18,1,Hard,3.27,White/Transparent,NA
271,18,1,Hard,8,White/Transparent,NA
272,18,1,Hard,1.45,White/Transparent,Polypropylene
273,18,1,Soft,3.64,Blue,NA
274,18,1,Soft,2.91,White/Transparent,NA
275,18,1,Soft,9.45,Black,NA
276,18,2,Hard,1.6,White/Transparent,NA
277,18,2,Hard,3.6,White/Transparent,NA
278,18,2,Hard,4,White/Transparent,NA
279,18,2,Hard,4.8,Yellow,NA
280,18,2,Hard,2.4,White/Transparent,Polyethylene
281,18,2,Hard,4.4,White/Transparent,NA
282,18,2,Hard,2.8,White/Transparent,NA
283,18,2,Hard,1.6,White/Transparent,NA
284,18,2,Hard,2.4,White/Transparent,NA
285,18,2,Hard,2.8,White/Transparent,NA
286,18,2,Hard,2,White/Transparent,NA
287,18,2,Hard,1.4,Yellow,NA
288,18,2,Hard,1,Green,NA
289,18,2,Hard,2,Black,NA
290,18,2,Hard,1.6,Blue,NA
291,18,2,Hard,2.6,White/Transparent,NA
292,18,3,Hard,5.17,Blue,NA
293,18,3,Hard,3.1,White/Transparent,Polypropylene
294,18,3,Hard,3.1,Green,NA
295,18,3,Hard,2.07,White/Transparent,NA
296,18,3,Hard,5.17,Black,NA
297,18,3,Hard,3.45,White/Transparent,NA
298,19,1,Hard,1.74,White/Transparent,NA
299,19,1,Hard,1.74,White/Transparent,NA
300,19,1,Line,82.61,White/Transparent,NA
301,19,2,Hard,2.7,Blue,Polyethylene
302,19,2,Hard,2.71,White/Transparent,NA
303,19,2,Hard,1.02,White/Transparent,NA
304,19,2,Hard,1.19,Blue,Polypropylene
305,19,2,Hard,2.71,White/Transparent,NA
306,19,2,Hard,5.08,White/Transparent,NA
307,19,3,Hard,3.8,White/Transparent,Polyethylene
308,19,3,Hard,3.9,White/Transparent,Polyethylene
309,19,3,Hard,2.5,White/Transparent,Polystyrene
310,20,1,Hard,1.57,White/Transparent,Polyethylene
311,20,1,Hard,1.96,White/Transparent,Polypropylene
312,20,1,Hard,5.2,White/Transparent,Polyethylene
313,20,1,Hard,1.96,White/Transparent,NA
314,20,1,Hard,1.76,White/Transparent,NA
315,20,2,Hard,2.2,White/Transparent,NA
316,20,2,Hard,3.41,White/Transparent,Polyethylene
317,20,2,Hard,2.9,White/Transparent,Polyethylene
318,20,2,Hard,4.7,White/Transparent,Polyethylene
319,20,2,Hard,2.44,White/Transparent,NA
320,20,2,Hard,1.22,White/Transparent,NA
321,20,2,Hard,1.46,White/Transparent,NA
322,20,2,Hard,1.22,White/Transparent,Polyethylene
323,20,2,Hard,3.41,White/Transparent,NA
324,20,2,Hard,1.71,White/Transparent,NA
325,20,2,Hard,0.49,White/Transparent,NA
326,20,3,Hard,4.5,White/Transparent,Polyethylene
327,20,3,Hard,3,White/Transparent,Polyethylene
328,20,3,Hard,2.5,White/Transparent,NA
329,20,3,Hard,1.5,White/Transparent,NA
330,20,3,Hard,2,White/Transparent,Polyethylene
331,20,3,Hard,2,White/Transparent,NA
332,20,3,Hard,1.5,White/Transparent,NA
333,20,3,Hard,2.5,White/Transparent,NA
334,20,3,Hard,1,Blue,NA
335,20,3,Hard,5.4,White/Transparent,Polyethylene
336,20,3,Hard,1.5,White/Transparent,NA
337,20,3,Hard,0.75,White/Transparent,NA
338,20,3,Hard,1,White/Transparent,Polyethylene
339,20,3,Hard,2.5,White/Transparent,NA
340,20,3,Hard,0.75,Blue,NA
341,20,3,Hard,3.5,Gray,NA
342,20,3,Hard,2.5,Blue,NA
343,20,3,Hard,1.25,White/Transparent,NA
344,21,1,Line,12.57,Blue,Polyethylene
345,21,1,Hard,1.43,White/Transparent,Polypropylene
346,21,2,Hard,17.22,White/Transparent,Polyethylene
347,21,2,Hard,2.37,Orange,Polyethylene
348,21,3,Hard,1.23,White/Transparent,NA
349,21,3,Hard,1.7,White/Transparent,NA
350,22,1,Hard,3.25,White/Transparent,NA
351,22,1,Hard,1.25,White/Transparent,NA
352,22,2,Hard,2.3,Green,Polyethylene
353,22,2,Hard,1.79,White/Transparent,NA
354,22,2,Hard,1.9,Blue,Polyethylene
355,22,2,Hard,1.8,White/Transparent,Polyethylene
356,22,2,Hard,2.14,White/Transparent,NA
357,22,2,Hard,1.43,White/Transparent,NA
358,22,3,Line,46.67,Blue,NA
359,22,3,Hard,1.78,White/Transparent,NA
360,22,3,Hard,3.11,White/Transparent,NA
361,22,3,Hard,1.33,White/Transparent,NA
362,22,3,Hard,3.2,White/Transparent,Polyethylene
363,22,3,Hard,1.56,White/Transparent,NA
364,22,3,Hard,1.56,White/Transparent,NA
365,22,3,Hard,1.78,White/Transparent,Polyethylene
366,22,3,Hard,1.33,White/Transparent,NA
367,22,3,Hard,1.78,White/Transparent,NA
368,22,3,Hard,1.78,White/Transparent,NA
369,22,3,Hard,1.78,White/Transparent,NA
370,23,1,Hard,3.27,White/Transparent,NA
371,23,1,Hard,2.45,White/Transparent,NA
372,23,1,Hard,3.67,White/Transparent,NA
373,23,1,Hard,2.45,White/Transparent,NA
374,23,1,Hard,2.6,Purple,Polyethylene
375,23,1,Hard,1.22,White/Transparent,Polyethylene
376,23,1,Hard,1,White/Transparent,NA
377,23,2,Hard,3.9,White/Transparent,Polyethylene
378,23,2,Hard,3.46,White/Transparent,Polyethylene
379,23,2,Hard,0.58,White/Transparent,NA
380,23,2,Hard,2.31,White/Transparent,NA
381,23,2,Hard,1.54,White/Transparent,NA
382,23,3,Hard,4.14,Blue,NA
383,23,3,Hard,3.1,White/Transparent,NA
384,23,3,Hard,3.62,White/Transparent,NA
385,23,3,Hard,2.41,White/Transparent,NA
386,23,3,Hard,3.79,White/Transparent,NA
387,23,3,Hard,1.72,White/Transparent,Polyethylene
388,23,3,Hard,1.38,White/Transparent,NA
389,5,1,Hard,2,Blue,NA
390,5,1,Hard,2,Blue,Polyethylene
391,5,1,Hard,5,Blue,NA
392,5,1,Hard,5,Blue,NA
393,5,1,Line,24,Blue,Polypropylene
394,5,1,Hard,4.5,White/Transparent,Polyethylene
395,5,1,Hard,3,White/Transparent,NA
396,5,1,Hard,3,White/Transparent,Polyethylene
397,5,1,Hard,3,White/Transparent,NA
398,5,1,Hard,3,White/Transparent,NA
399,5,1,Hard,8,White/Transparent,NA
400,5,1,Hard,4,White/Transparent,NA
401,5,1,Hard,2,Green,NA
402,5,1,Hard,2,Blue,Polyethylene
403,5,1,Hard,6,Green,NA
404,5,1,Hard,7,White/Transparent,NA
405,5,1,Hard,1.5,White/Transparent,NA
406,5,1,Hard,2,White/Transparent,NA
407,5,1,Hard,1.5,White/Transparent,NA
408,5,1,Hard,1,White/Transparent,NA
409,5,1,Hard,1.5,White/Transparent,NA
410,5,1,Hard,2,White/Transparent,Polyethylene
411,5,1,Hard,2,White/Transparent,NA
412,5,1,Hard,5,Black,NA
413,5,1,Hard,3,White/Transparent,Polyethylene
414,5,1,Hard,4,White/Transparent,Polyethylene
415,5,1,Hard,1,Orange,NA
416,5,1,Hard,9,White/Transparent,NA
417,5,2,Hard,1.8,White/Transparent,Polyethylene
418,5,2,Hard,9,Blue,NA
419,5,2,Hard,10,White/Transparent,Polyethylene
420,5,2,Hard,3,White/Transparent,Polyethylene
421,5,2,Hard,6,White/Transparent,NA
422,5,2,Hard,4,White/Transparent,Polypropylene
423,5,2,Hard,2.8,White/Transparent,Polyethylene
424,5,2,Hard,4,Red,NA
425,5,2,Hard,3.2,White/Transparent,Polyethylene
426,5,2,Hard,3.3,White/Transparent,Polyethylene
427,5,2,Hard,2.6,White/Transparent,Polyethylene
428,5,2,Hard,3.5,White/Transparent,NA
429,5,2,Soft,6,White/Transparent,NA
430,5,2,Soft,8,White/Transparent,NA
431,5,2,Soft,5,White/Transparent,NA
432,5,2,Soft,7,White/Transparent,NA
433,5,2,Soft,6.5,White/Transparent,NA
434,5,2,Soft,4,White/Transparent,NA
435,5,2,Soft,3.5,White/Transparent,NA
436,5,2,Soft,15,White/Transparent,NA
437,5,2,Soft,8,White/Transparent,NA
438,5,2,Soft,4.5,White/Transparent,NA
439,5,2,Hard,2,Black,NA
440,5,2,Hard,1,Black,NA
441,5,2,Hard,4,Black,NA
442,5,2,Line,9,Black,NA
443,5,3,Hard,4.5,White/Transparent,NA
444,5,3,Hard,3,Black,NA
445,5,3,Hard,7,White/Transparent,NA
446,5,3,Soft,4,White/Transparent,NA
447,5,3,Hard,4,White/Transparent,NA
448,5,3,Hard,1,White/Transparent,NA
449,5,3,Hard,11,Red,NA
450,5,3,Hard,2,White/Transparent,NA
451,6,1,Hard,2.14,Blue,NA
452,6,1,Hard,2.14,Blue,NA
453,6,1,Hard,2.86,Blue,NA
454,6,1,Hard,2.86,Black,NA
455,6,1,Hard,1.43,Blue,NA
456,6,1,Hard,1.43,White/Transparent,NA
457,6,1,Hard,1.43,White/Transparent,NA
458,6,1,Line,18.57,Blue,NA
459,6,1,Hard,3.57,White/Transparent,NA
460,6,2,Line,15,White/Transparent,NA
461,6,2,Soft,3,White/Transparent,NA
462,7,1,Line,50,Green,NA
463,7,1,Hard,2.9,White/Transparent,Polyethylene
464,7,1,Hard,2.9,White/Transparent,Polyethylene
465,7,1,Soft,5.71,White/Transparent,NA
466,7,2,Hard,4.4,Blue,Ethylene Vinyl Acetate
467,7,2,Hard,3.7,White/Transparent,Polyethylene
468,7,2,Soft,7.5,White/Transparent,NA
469,7,2,Hard,6.25,Black,Polyethylene
470,7,3,Hard,6,White/Transparent,Polyethylene
471,7,3,Hard,3.5,White/Transparent,NA
472,7,3,Soft,5.45,White/Transparent,NA
473,7,3,Hard,3.64,White/Transparent,NA
474,8,1,Soft,4.62,Blue,NA
475,8,2,Hard,3,White/Transparent,NA
476,8,2,Hard,6,White/Transparent,NA
477,8,2,Soft,10,White/Transparent,NA
478,8,3,Soft,5,White/Transparent,NA
479,8,3,Soft,5,White/Transparent,NA
480,8,3,Soft,5,White/Transparent,NA
481,8,3,Hard,3.33,White/Transparent,NA
482,8,3,Soft,4.17,White/Transparent,NA
483,8,3,Soft,3.33,White/Transparent,NA
484,8,3,Soft,5,White/Transparent,NA
485,8,3,Hard,3.33,White/Transparent,NA
486,8,3,Soft,2.5,White/Transparent,NA
487,8,3,Hard,2.08,White/Transparent,NA
488,8,3,Soft,5,White/Transparent,NA
489,8,3,Soft,7.5,White/Transparent,NA
490,8,3,Hard,3.86,White/Transparent,Polyethylene
491,8,3,Soft,3.33,White/Transparent,NA
492,9,1,Hard,4.58,White/Transparent,NA
493,9,1,Soft,5,Red,NA
494,9,1,Line,25,White/Transparent,NA
495,9,1,Line,33.33,White/Transparent,NA
496,9,2,Pellet,3.83,White/Transparent,Polyethylene
497,9,2,Pellet,4,White/Transparent,NA
498,10,1,Hard,50,White/Transparent,NA
499,10,1,Hard,10,White/Transparent,NA
500,10,1,Hard,4,White/Transparent,Polyethylene
501,10,3,Hard,8,Black,NA
502,10,3,Hard,9,White/Transparent,NA
503,12,2,Soft,4.55,Blue,NA
504,12,3,Hard,11.33,White/Transparent,Polypropylene
505,13,1,Hard,5.59,Blue,NA
506,13,3,Line,12,Blue,NA
507,13,3,Line,20,White/Transparent,NA
508,14,1,Hard,2.5,Blue,Polypropylene
509,14,1,Line,4.24,Blue,NA
510,14,3,Hard,8.4,White/Transparent,Polyethylene
511,40,1,Hard,2.41,White/Transparent,NA
512,40,1,Hard,1.38,White/Transparent,NA
513,40,1,Hard,2.41,White/Transparent,NA
514,40,1,Hard,1.72,White/Transparent,NA
515,40,2,Hard,1.78,White/Transparent,NA
516,40,2,Hard,1.11,Blue,NA
517,40,2,Hard,2.7,White/Transparent,Polyethylene
518,40,2,Hard,0.89,White/Transparent,NA
519,40,2,Hard,1.33,White/Transparent,NA
520,40,2,Hard,0.89,White/Transparent,NA
521,40,2,Hard,2.67,White/Transparent,Polyethylene
522,40,2,Hard,2.22,White/Transparent,Polyethylene
523,40,2,Hard,1.33,White/Transparent,NA
524,40,2,Line,12,White/Transparent,Polyethylene
525,40,2,Hard,0.44,White/Transparent,NA
526,40,3,Hard,4.1,White/Transparent,NA
527,40,3,Hard,1.03,White/Transparent,NA
528,40,3,Hard,1.28,White/Transparent,NA
529,40,3,Hard,1.03,Blue,NA
530,40,3,Hard,1.28,White/Transparent,NA
531,40,3,Hard,2.31,White/Transparent,Polyethylene
532,40,3,Hard,1.54,White/Transparent,NA
533,40,3,Hard,1.03,Blue,NA
534,41,1,Hard,2.03,Blue,NA
535,41,1,Hard,1.36,Blue,Polyethylene
536,41,1,Hard,3.22,White/Transparent,NA
537,41,1,Hard,3.39,White/Transparent,Polypropylene
538,41,1,Hard,3.39,White/Transparent,Polyethylene
539,41,2,Hard,1.88,White/Transparent,NA
540,41,2,Hard,5.63,White/Transparent,NA
541,41,2,Hard,5.31,White/Transparent,Polypropylene
542,41,2,Hard,8,White/Transparent,Polyethylene
543,41,2,Hard,3.13,Green,NA
544,41,2,Hard,3.13,White/Transparent,NA
545,41,2,Hard,4.06,White/Transparent,NA
546,41,2,Hard,4.06,Green,NA
547,41,2,Hard,3.13,White/Transparent,NA
548,41,2,Styrofoam,3.13,White/Transparent,NA
549,41,2,Styrofoam,3.13,White/Transparent,NA
550,41,2,Styrofoam,3.13,White/Transparent,NA
551,41,3,Hard,2.76,White/Transparent,NA
552,41,3,Hard,2.76,White/Transparent,NA
553,41,3,Hard,2.41,White/Transparent,NA
554,41,3,Hard,1.38,White/Transparent,Polyethylene
555,41,3,Hard,1.72,White/Transparent,NA
556,41,3,Hard,3.45,White/Transparent,NA
557,41,3,Hard,2.76,White/Transparent,NA
558,41,3,Hard,1.72,White/Transparent,Polypropylene
559,41,3,Hard,1.38,White/Transparent,Polyethylene
560,41,3,Hard,1.72,White/Transparent,NA
561,41,3,Hard,3.1,White/Transparent,NA
562,41,3,Hard,1.03,White/Transparent,NA
563,41,3,Hard,2.76,White/Transparent,Polyethylene
564,41,3,Hard,2.07,White/Transparent,NA
565,41,3,Hard,1.38,White/Transparent,NA
566,41,3,Soft,13.08,White/Transparent,Polypropylene
567,41,3,Soft,15.69,White/Transparent,NA
568,41,3,Hard,3.92,White/Transparent,NA
569,41,3,Hard,2.62,White/Transparent,Polypropylene
570,41,3,Hard,2.62,Blue,NA
571,41,3,Hard,2.62,White/Transparent,NA
572,41,3,Hard,5.23,White/Transparent,NA
573,41,3,Hard,3.92,Blue,NA
574,41,3,Hard,1.31,White/Transparent,NA
575,41,3,Hard,2.62,White/Transparent,NA
576,41,3,Hard,1.31,White/Transparent,NA
577,41,3,Hard,1.96,White/Transparent,NA
578,41,3,Hard,1.31,White/Transparent,Polyethylene
579,42,1,Hard,3.03,White/Transparent,NA
580,42,1,Hard,3.03,White/Transparent,NA
581,42,1,Hard,1.52,White/Transparent,NA
582,42,1,Hard,2.42,White/Transparent,Polyethylene
583,42,1,Soft,2.12,Black,NA
584,42,2,Soft,5.71,White/Transparent,Polyethylene
585,42,2,Soft,3.21,White/Transparent,Polypropylene
586,42,3,Hard,2.63,White/Transparent,NA
587,42,3,Hard,3.16,White/Transparent,NA
588,42,3,Hard,1.32,White/Transparent,NA
589,42,3,Hard,1.84,White/Transparent,Polypropylene
590,43,1,Soft,22,White/Transparent,Polyethylene
591,43,1,Hard,1.5,White/Transparent,NA
592,43,1,Soft,9,White/Transparent,NA
593,43,1,Hard,2,White/Transparent,Polyethylene
594,43,1,Hard,2,White/Transparent,Polyethylene
595,43,1,Hard,1.89,White/Transparent,Polyethylene
596,43,1,Hard,2,White/Transparent,NA
597,43,1,Hard,1.5,White/Transparent,NA
598,43,1,Hard,1.5,White/Transparent,NA
599,43,1,Hard,0.5,White/Transparent,Polyethylene
600,43,1,Hard,1,White/Transparent,NA
601,43,1,Hard,1,White/Transparent,NA
602,43,1,Hard,1.5,Orange,NA
603,43,1,Hard,1.5,Orange,NA
604,43,1,Hard,2,White/Transparent,NA
605,43,1,Hard,1.5,White/Transparent,NA
606,43,2,Hard,2.11,Green,NA
607,43,2,Hard,1.58,Blue,NA
608,43,2,Hard,5.9,White/Transparent,Polyethylene
609,43,2,Hard,2.89,White/Transparent,NA
610,43,2,Soft,2.63,White/Transparent,NA
611,43,2,Line,7.89,White/Transparent,Polyethylene
612,43,2,Hard,1.58,White/Transparent,NA
613,43,2,Hard,1.32,White/Transparent,NA
614,43,2,Hard,1.58,White/Transparent,NA
615,43,2,Hard,1.84,White/Transparent,NA
616,43,3,Hard,1.43,White/Transparent,NA
617,43,3,Hard,1.43,White/Transparent,Polypropylene
618,43,3,Hard,1.02,White/Transparent,NA
619,43,3,Hard,2.24,White/Transparent,NA
620,43,3,Hard,1.63,White/Transparent,NA
621,43,3,Hard,0.61,White/Transparent,NA
622,43,3,Hard,1.63,White/Transparent,NA
623,44,1,Hard,1.18,Blue,NA
624,44,1,Hard,2.94,White/Transparent,NA
625,44,1,Hard,2.94,White/Transparent,NA
626,44,1,Hard,5.88,White/Transparent,NA
627,44,1,Hard,1.76,White/Transparent,Polyethylene
628,44,1,Hard,2.35,White/Transparent,NA
629,44,1,Hard,4.12,White/Transparent,NA
630,44,1,Hard,1.18,White/Transparent,NA
631,44,1,Hard,2.35,White/Transparent,NA
632,44,2,Soft,0.53,White/Transparent,NA
633,44,3,Hard,3,White/Transparent,Polypropylene
634,44,3,Hard,6,White/Transparent,NA
635,44,3,Hard,1.5,White/Transparent,NA
636,45,1,Hard,8.18,Blue,NA
637,45,1,Hard,3.18,White/Transparent,NA
638,45,1,Hard,4.77,White/Transparent,NA
639,45,1,Hard,4.09,White/Transparent,NA
640,45,2,Line,15.33,White/Transparent,NA
641,45,2,Hard,4.67,White/Transparent,NA
642,45,2,Soft,5,White/Transparent,Polypropylene
643,45,3,Soft,10.71,White/Transparent,NA
644,46,2,Soft,4.55,White/Transparent,NA
645,48,1,Soft,3.86,Gray,NA
646,48,1,Hard,1.75,White/Transparent,NA
647,48,1,Soft,5.96,White/Transparent,NA
648,48,1,Soft,14.04,White/Transparent,NA
649,48,2,Soft,1.94,White/Transparent,NA
650,48,2,Hard,6,White/Transparent,Polyethylene
651,49,1,Hard,5.3,White/Transparent,Polypropylene
652,49,1,Line,17.14,White/Transparent,NA
653,49,1,Line,28.57,White/Transparent,NA
654,49,1,Soft,17.14,Gray,NA
655,49,1,Line,8.57,White/Transparent,NA
656,49,2,Soft,9.67,White/Transparent,Polypropylene
657,49,2,Soft,2.33,White/Transparent,NA
658,49,3,Soft,5.88,White/Transparent,NA
659,50,1,Soft,11.3,White/Transparent,NA
660,50,1,Hard,3.1,White/Transparent,NA
661,50,1,Hard,2.17,White/Transparent,NA
662,50,1,Hard,1.74,White/Transparent,NA
663,50,1,Hard,1.74,White/Transparent,NA
664,50,1,Hard,1.3,White/Transparent,NA
665,50,1,Soft,15.22,White/Transparent,Polypropylene
666,50,1,Line,5.65,White/Transparent,Polyethylene
667,50,2,Soft,5.24,White/Transparent,NA
668,50,2,Soft,5.71,White/Transparent,NA
669,50,2,Hard,0.95,White/Transparent,Polypropylene
670,50,3,Hard,5.22,White/Transparent,NA
671,50,3,Hard,3.04,White/Transparent,NA
672,51,2,Hard,2.43,White/Transparent,Polypropylene
673,51,3,Hard,2.9,White/Transparent,Polyethylene
674,51,3,Hard,1.71,White/Transparent,Polyethylene
675,51,3,Hard,2,Blue,NA
676,52,1,Hard,4.33,White/Transparent,NA
677,52,1,Hard,3.33,White/Transparent,Polyethylene
678,52,1,Soft,2.67,White/Transparent,NA
679,52,1,Hard,2,White/Transparent,NA
680,52,1,Soft,4.67,White/Transparent,NA
681,52,1,Hard,2.3,Blue,Polypropylene
682,52,2,Hard,2.22,White/Transparent,NA
683,52,3,Line,51.52,Black,NA
684,52,3,Hard,3.64,White/Transparent,NA
685,52,3,Hard,1.82,Blue,NA
686,52,3,Hard,2.42,White/Transparent,NA
687,52,3,Hard,1.52,White/Transparent,Polyethylene
688,52,3,Hard,1.82,White/Transparent,NA
689,53,1,Hard,2.6,White/Transparent,Polyethylene
690,53,1,Hard,3.33,White/Transparent,Polypropylene
691,53,1,Hard,2.78,White/Transparent,NA
692,53,1,Soft,35.56,White/Transparent,NA
693,53,1,Hard,2.5,White/Transparent,NA
694,53,1,Hard,8.8,White/Transparent,Polyethylene
695,53,1,Soft,8.5,White/Transparent,NA
696,53,1,Hard,1.36,White/Transparent,NA
697,53,1,Soft,6.36,White/Transparent,NA
698,53,1,Hard,1.82,White/Transparent,NA
699,53,1,Soft,3.64,White/Transparent,Polypropylene
700,53,1,Hard,0.91,White/Transparent,NA
701,53,1,Hard,1.25,White/Transparent,NA
702,53,1,Soft,51.67,White/Transparent,NA
703,53,2,Soft,11.35,White/Transparent,NA
704,53,2,Soft,3.24,White/Transparent,NA
705,53,2,Soft,2.7,White/Transparent,NA
706,53,2,Hard,1.62,White/Transparent,NA
707,53,2,Soft,7.03,White/Transparent,NA
708,53,2,Hard,1.08,White/Transparent,NA
709,53,2,Soft,4.86,White/Transparent,NA
710,53,3,Hard,1,White/Transparent,NA
711,53,3,Soft,31,White/Transparent,Polypropylene
712,53,3,Soft,19,White/Transparent,NA
713,53,3,Hard,1,White/Transparent,NA
714,53,3,Line,2,White/Transparent,NA
715,53,3,Hard,0.5,White/Transparent,NA
716,53,3,Hard,2,White/Transparent,NA
717,53,3,Soft,2.5,White/Transparent,Polyethylene
718,53,3,Soft,2.5,White/Transparent,NA
719,53,3,Soft,3,White/Transparent,Polyethylene
720,53,3,Hard,2,White/Transparent,NA
721,53,3,Soft,4,White/Transparent,NA
722,53,3,Hard,2.5,White/Transparent,NA
723,53,3,Soft,1,White/Transparent,NA
724,53,3,Soft,1.5,White/Transparent,NA
725,53,3,Soft,11.5,White/Transparent,NA
726,53,3,Hard,2.5,White/Transparent,NA
727,53,3,Soft,3,White/Transparent,NA
728,53,3,Soft,1,White/Transparent,NA
729,53,3,Soft,18,White/Transparent,NA
730,53,3,Soft,2.5,White/Transparent,NA
731,53,3,Hard,1.5,White/Transparent,NA
732,53,3,Hard,2,White/Transparent,NA
733,53,3,Soft,4,White/Transparent,NA
734,53,3,Hard,2.2,White/Transparent,Polyethylene
735,53,3,Hard,1,White/Transparent,NA
736,53,3,Hard,3,White/Transparent,Polypropylene
737,53,3,Soft,8,White/Transparent,NA
738,53,3,Hard,2.5,White/Transparent,NA
739,53,3,Hard,1.5,White/Transparent,NA
740,53,3,Soft,9,White/Transparent,NA
741,53,3,Hard,1.8,Blue,Polypropylene
742,53,3,Hard,1.5,White/Transparent,NA
743,53,3,Hard,1.5,White/Transparent,NA
744,53,3,Hard,1,White/Transparent,Polypropylene
745,53,3,Hard,1,White/Transparent,NA
746,53,3,Hard,2,White/Transparent,NA
747,53,3,Hard,1.5,White/Transparent,NA
748,53,3,Soft,2.5,White/Transparent,NA
749,53,3,Soft,1,White/Transparent,Polyethylene
750,53,3,Soft,1.5,White/Transparent,Polypropylene
751,53,3,Soft,3,White/Transparent,NA
752,53,3,Soft,3,White/Transparent,Polypropylene
753,53,3,Soft,1.5,White/Transparent,Polypropylene
754,53,3,Soft,5,White/Transparent,NA
755,53,3,Soft,6,White/Transparent,NA
756,53,3,Soft,1.5,White/Transparent,NA
757,53,3,Hard,2,White/Transparent,Polyethylene
758,53,3,Soft,1,White/Transparent,NA
759,53,3,Soft,2,White/Transparent,Polypropylene
760,53,3,Hard,0.5,White/Transparent,NA
761,53,3,Soft,1,White/Transparent,Polypropylene
762,53,3,Soft,3.5,White/Transparent,NA
763,53,3,Soft,1.5,White/Transparent,NA
764,53,3,Line,9,White/Transparent,NA
765,53,3,Soft,4,White/Transparent,NA
766,53,3,Line,4,White/Transparent,NA
767,53,3,Line,3,White/Transparent,NA
768,53,3,Soft,2,White/Transparent,NA
769,53,3,Soft,3,White/Transparent,NA
770,53,3,Soft,3,White/Transparent,NA
771,53,3,Hard,0.5,White/Transparent,NA
772,53,3,Soft,3,White/Transparent,NA
773,53,3,Line,4,White/Transparent,NA
774,53,3,Soft,1.5,White/Transparent,NA
775,53,3,Hard,1,White/Transparent,NA
776,53,3,Hard,0.5,White/Transparent,NA
777,53,3,Soft,0.5,Orange,NA
778,54,1,Hard,1.38,White/Transparent,NA
779,54,1,Hard,1.85,White/Transparent,NA
780,54,1,Hard,5.08,Blue,NA
781,54,1,Hard,2.77,White/Transparent,NA
782,54,1,Soft,3.08,White/Transparent,NA
783,54,2,Hard,6.2,White/Transparent,Polypropylene
784,54,2,Soft,6.5,White/Transparent,NA
785,54,3,Line,12.92,Blue,Polypropylene
786,55,1,Soft,20,White/Transparent,NA
787,55,1,Soft,10.94,White/Transparent,NA
788,55,2,Hard,3.7,White/Transparent,NA
789,55,2,Soft,12.22,White/Transparent,NA
790,55,2,Line,13.7,White/Transparent,NA
791,55,2,Line,4.81,White/Transparent,NA
792,55,3,Soft,24,White/Transparent,NA
793,56,3,Hard,2,White/Transparent,NA
794,56,3,Soft,3.17,White/Transparent,NA
795,57,1,Soft,73,White/Transparent,NA
796,57,1,Soft,11.54,White/Transparent,NA
797,57,1,Soft,6.92,White/Transparent,NA
798,57,1,Hard,2.69,White/Transparent,NA
799,57,1,Hard,3.08,White/Transparent,Polyethylene
800,57,1,Line,7.69,White/Transparent,Polyethylene
801,57,1,Hard,1.54,White/Transparent,NA
802,57,1,Hard,1.15,White/Transparent,NA
803,57,1,Hard,1.54,White/Transparent,Polypropylene
804,57,1,Hard,1.54,White/Transparent,Polypropylene
805,57,1,Line,19.23,Green,Polyethylene
806,57,1,Line,11.54,White/Transparent,NA
807,57,1,Hard,2.31,White/Transparent,NA
808,57,1,Soft,4.62,White/Transparent,NA
809,57,1,Soft,3.85,White/Transparent,NA
810,57,1,Soft,2.31,White/Transparent,Polypropylene
811,57,1,Soft,1.15,White/Transparent,NA
812,57,1,Soft,2.31,White/Transparent,NA
813,57,1,Soft,7.69,White/Transparent,NA
814,57,2,Hard,3.33,White/Transparent,NA
815,57,2,Soft,4.67,White/Transparent,NA
816,57,2,Line,8.33,White/Transparent,Polyethylene
817,57,3,Hard,2,White/Transparent,Polyethylene
818,57,3,Hard,2.8,Blue,Polyethylene
819,57,3,Hard,2.17,White/Transparent,NA
820,57,3,Hard,1.52,White/Transparent,NA
821,57,3,Hard,2.17,White/Transparent,NA
822,57,3,Hard,2.17,White/Transparent,NA
823,1,1,Hard,10,White/Transparent,Polyethylene
824,1,2,Hard,2.5,White/Transparent,Polyethylene
825,1,3,Hard,5,White/Transparent,NA
826,2,1,Hard,2.5,Blue,Polyethylene
827,2,2,Hard,1.5,Black,NA
828,2,2,Hard,2,White/Transparent,NA
829,2,2,Hard,1.5,White/Transparent,NA
830,2,3,Hard,2.5,Blue,NA
831,2,3,Hard,2.5,White/Transparent,NA
832,2,3,Line,40,Green,NA
833,3,1,Hard,3,White/Transparent,NA
834,3,1,Hard,2,White/Transparent,NA
835,3,2,Hard,4,Blue,NA
836,3,2,Hard,1.5,White/Transparent,NA
837,4,1,Hard,3,White/Transparent,NA
838,4,3,Hard,4,White/Transparent,Polyethylene
839,4,3,Hard,0.5,Blue,NA
